Start Time,Request Type,Latency,Response Code
1619506107572,POST,705,201
1619506108278,POST,17,201
1619506108296,POST,15,201
1619506108311,POST,19,201
1619506108330,POST,15,201
1619506108345,POST,16,201
1619506108361,POST,17,201
1619506108378,POST,18,201
1619506108396,POST,15,201
1619506108412,POST,15,201
1619506108428,POST,17,201
1619506108446,POST,17,201
1619506108463,POST,17,201
1619506108480,POST,17,201
1619506108498,POST,15,201
1619506108513,POST,16,201
1619506108530,POST,16,201
1619506108546,POST,15,201
1619506108561,POST,16,201
1619506108577,POST,14,201
1619506108592,POST,17,201
1619506108609,POST,15,201
1619506108624,POST,16,201
1619506108640,POST,14,201
1619506108654,POST,15,201
1619506108669,POST,16,201
1619506108685,POST,18,201
1619506108703,POST,18,201
1619506108721,POST,18,201
1619506108739,POST,17,201
1619506108756,POST,16,201
1619506108772,POST,17,201
1619506108789,POST,16,201
1619506108805,POST,16,201
1619506108821,POST,23,201
1619506108844,POST,27,201
1619506108871,POST,16,201
1619506108887,POST,16,201
1619506108903,POST,19,201
1619506108923,POST,19,201
1619506108942,POST,24,201
1619506108967,POST,24,201
1619506108991,POST,19,201
1619506109011,POST,19,201
1619506109031,POST,16,201
1619506109047,POST,14,201
1619506109061,POST,14,201
1619506109075,POST,19,201
1619506109095,POST,17,201
1619506109113,POST,15,201
1619506109128,POST,16,201
1619506109144,POST,16,201
1619506109161,POST,17,201
1619506109179,POST,22,201
1619506109201,POST,19,201
1619506109221,POST,18,201
1619506109239,POST,18,201
1619506109258,POST,18,201
1619506109276,POST,21,201
1619506109297,POST,20,201
1619506109317,POST,23,201
1619506109340,POST,20,201
1619506109360,POST,31,201
1619506109391,POST,23,201
1619506109414,POST,19,201
1619506109433,POST,17,201
1619506109450,POST,14,201
1619506109464,POST,14,201
1619506109478,POST,13,201
1619506109491,POST,15,201
1619506109506,POST,22,201
1619506109528,POST,16,201
1619506109544,POST,21,201
1619506109565,POST,14,201
1619506109579,POST,33,201
1619506109612,POST,25,201
1619506109637,POST,24,201
1619506109662,POST,13,201
1619506109676,POST,52,201
1619506109728,POST,17,201
1619506109745,POST,16,201
1619506109762,POST,16,201
1619506109778,POST,17,201
1619506109795,POST,16,201
1619506109812,POST,17,201
1619506109829,POST,15,201
1619506109844,POST,16,201
1619506109860,POST,14,201
1619506109875,POST,13,201
1619506109888,POST,14,201
1619506109902,POST,14,201
1619506109917,POST,15,201
1619506109933,POST,16,201
1619506109949,POST,17,201
1619506109967,POST,15,201
1619506109982,POST,15,201
1619506109998,POST,24,201
1619506110022,POST,15,201
1619506110037,POST,18,201
1619506110055,POST,20,201
1619506110076,POST,15,201
1619506110091,POST,16,201
1619506110107,POST,16,201
1619506110123,POST,16,201
1619506110139,POST,21,201
1619506110160,POST,18,201
1619506110178,POST,16,201
1619506110194,POST,17,201
1619506110211,POST,17,201
1619506110228,POST,17,201
1619506110245,POST,15,201
1619506110261,POST,15,201
1619506110276,POST,17,201
1619506110293,POST,17,201
1619506110310,POST,17,201
1619506110327,POST,17,201
1619506110344,POST,15,201
1619506110360,POST,17,201
1619506110378,POST,15,201
1619506110393,POST,18,201
1619506110411,POST,17,201
1619506110428,POST,13,201
1619506110442,POST,19,201
1619506110461,POST,15,201
1619506110476,POST,19,201
1619506110496,POST,16,201
1619506110513,POST,19,201
1619506110532,POST,19,201
1619506110551,POST,19,201
1619506110570,POST,25,201
1619506110595,POST,19,201
1619506110614,POST,24,201
1619506110638,POST,17,201
1619506110655,POST,15,201
1619506110671,POST,16,201
1619506110688,POST,15,201
1619506110703,POST,14,201
1619506110717,POST,14,201
1619506110731,POST,16,201
1619506110747,POST,15,201
1619506110762,POST,14,201
1619506110776,POST,18,201
1619506110794,POST,16,201
1619506110810,POST,14,201
1619506110824,POST,17,201
1619506110841,POST,16,201
1619506110857,POST,16,201
1619506110873,POST,17,201
1619506110890,POST,18,201
1619506110908,POST,15,201
1619506110923,POST,16,201
1619506110939,POST,17,201
1619506110924,POST,32,201
1619506110956,POST,15,201
1619506110956,POST,15,201
1619506110971,POST,19,201
1619506110971,POST,19,201
1619506110990,POST,16,201
1619506110990,POST,16,201
1619506111007,POST,20,201
1619506111007,POST,20,201
1619506111027,POST,18,201
1619506111027,POST,18,201
1619506111045,POST,16,201
1619506111045,POST,16,201
1619506111061,POST,15,201
1619506111061,POST,15,201
1619506111077,POST,19,201
1619506111077,POST,19,201
1619506111096,POST,16,201
1619506111096,POST,16,201
1619506111112,POST,16,201
1619506111112,POST,16,201
1619506111128,POST,14,201
1619506111128,POST,14,201
1619506111142,POST,14,201
1619506111142,POST,14,201
1619506111156,POST,14,201
1619506111156,POST,14,201
1619506111170,POST,19,201
1619506111170,POST,19,201
1619506111189,POST,18,201
1619506111189,POST,18,201
1619506111207,POST,14,201
1619506111207,POST,14,201
1619506111221,POST,14,201
1619506111221,POST,14,201
1619506111235,POST,16,201
1619506111235,POST,16,201
1619506111252,POST,15,201
1619506111252,POST,15,201
1619506111268,POST,18,201
1619506111268,POST,18,201
1619506111286,POST,15,201
1619506111286,POST,15,201
1619506111302,POST,15,201
1619506111302,POST,15,201
1619506111317,POST,15,201
1619506111317,POST,15,201
1619506111333,POST,15,201
1619506111333,POST,15,201
1619506111348,POST,22,201
1619506111348,POST,22,201
1619506111370,POST,19,201
1619506111371,POST,18,201
1619506111389,POST,25,201
1619506111389,POST,25,201
1619506111414,POST,24,201
1619506111414,POST,24,201
1619506111438,POST,57,201
1619506111438,POST,57,201
1619506111496,POST,19,201
1619506111496,POST,19,201
1619506111515,POST,16,201
1619506111515,POST,16,201
1619506111532,POST,14,201
1619506111531,POST,15,201
1619506111546,POST,15,201
1619506111546,POST,15,201
1619506111561,POST,17,201
1619506111561,POST,17,201
1619506111578,POST,20,201
1619506111578,POST,20,201
1619506111599,POST,15,201
1619506111599,POST,15,201
1619506111614,POST,14,201
1619506111614,POST,14,201
1619506111628,POST,17,201
1619506111628,POST,17,201
1619506111645,POST,15,201
1619506111645,POST,15,201
1619506111660,POST,15,201
1619506111660,POST,15,201
1619506111675,POST,16,201
1619506111675,POST,16,201
1619506111691,POST,17,201
1619506111692,POST,24,201
1619506111708,POST,15,201
1619506111717,POST,15,201
1619506111723,POST,14,201
1619506111732,POST,17,201
1619506111737,POST,15,201
1619506111749,POST,13,201
1619506111752,POST,14,201
1619506111762,POST,13,201
1619506111766,POST,17,201
1619506111775,POST,14,201
1619506111783,POST,14,201
1619506111789,POST,23,201
1619506111797,POST,20,201
1619506111812,POST,16,201
1619506111817,POST,12,201
1619506111828,POST,16,201
1619506111829,POST,15,201
1619506111844,POST,15,201
1619506111844,POST,15,201
1619506111859,POST,17,201
1619506111859,POST,17,201
1619506111876,POST,18,201
1619506111876,POST,18,201
1619506111894,POST,20,201
1619506111894,POST,20,201
1619506111915,POST,18,201
1619506111915,POST,18,201
1619506111933,POST,15,201
1619506111933,POST,15,201
1619506111948,POST,16,201
1619506111949,POST,15,201
1619506111964,POST,13,201
1619506111964,POST,13,201
1619506111978,POST,14,201
1619506111978,POST,14,201
1619506111992,POST,15,201
1619506111992,POST,15,201
1619506112007,POST,14,201
1619506112007,POST,14,201
1619506112021,POST,14,201
1619506112021,POST,14,201
1619506112036,POST,14,201
1619506112035,POST,15,201
1619506112050,POST,17,201
1619506112050,POST,17,201
1619506112067,POST,15,201
1619506112067,POST,15,201
1619506112082,POST,16,201
1619506112082,POST,16,201
1619506112098,POST,16,201
1619506112098,POST,16,201
1619506112115,POST,15,201
1619506112115,POST,15,201
1619506112130,POST,17,201
1619506112130,POST,17,201
1619506112147,POST,16,201
1619506112147,POST,16,201
1619506112163,POST,16,201
1619506112163,POST,16,201
1619506112179,POST,14,201
1619506112179,POST,14,201
1619506112193,POST,14,201
1619506112193,POST,14,201
1619506112207,POST,15,201
1619506112207,POST,15,201
1619506112223,POST,14,201
1619506112223,POST,14,201
1619506112238,POST,15,201
1619506112238,POST,15,201
1619506112253,POST,17,201
1619506112253,POST,17,201
1619506112270,POST,16,201
1619506112270,POST,16,201
1619506112286,POST,15,201
1619506112286,POST,15,201
1619506112302,POST,16,201
1619506112302,POST,16,201
1619506112318,POST,15,201
1619506112318,POST,18,201
1619506112333,POST,14,201
1619506112337,POST,14,201
1619506112347,POST,14,201
1619506112352,POST,14,201
1619506112361,POST,15,201
1619506112366,POST,14,201
1619506112376,POST,15,201
1619506112380,POST,12,201
1619506112392,POST,14,201
1619506112391,POST,15,201
1619506112406,POST,20,201
1619506112406,POST,20,201
1619506112426,POST,17,201
1619506112426,POST,17,201
1619506112443,POST,15,201
1619506112443,POST,15,201
1619506112458,POST,14,201
1619506112458,POST,14,201
1619506112472,POST,14,201
1619506112472,POST,14,201
1619506112486,POST,16,201
1619506112486,POST,16,201
1619506112502,POST,18,201
1619506112502,POST,18,201
1619506112520,POST,16,201
1619506112520,POST,16,201
1619506112536,POST,14,201
1619506112536,POST,14,201
1619506112550,POST,14,201
1619506112550,POST,14,201
1619506112565,POST,16,201
1619506112565,POST,16,201
1619506112582,POST,19,201
1619506112582,POST,19,201
1619506112601,POST,15,201
1619506112601,POST,15,201
1619506112601,POST,31,201
1619506112601,POST,31,201
1619506112616,POST,16,201
1619506112616,POST,16,201
1619506112632,POST,16,201
1619506112632,POST,16,201
1619506112632,POST,16,201
1619506112632,POST,16,201
1619506112648,POST,13,201
1619506112648,POST,13,201
1619506112648,POST,13,201
1619506112648,POST,13,201
1619506112661,POST,17,201
1619506112661,POST,17,201
1619506112662,POST,16,201
1619506112662,POST,16,201
1619506112678,POST,19,201
1619506112678,POST,19,201
1619506112678,POST,19,201
1619506112678,POST,19,201
1619506112697,POST,28,201
1619506112697,POST,28,201
1619506112697,POST,28,201
1619506112697,POST,28,201
1619506112726,POST,21,201
1619506112726,POST,21,201
1619506112726,POST,21,201
1619506112726,POST,21,201
1619506112747,POST,17,201
1619506112747,POST,17,201
1619506112747,POST,17,201
1619506112747,POST,18,201
1619506112764,POST,16,201
1619506112765,POST,15,201
1619506112765,POST,16,201
1619506112764,POST,17,201
1619506112781,POST,14,201
1619506112781,POST,14,201
1619506112781,POST,14,201
1619506112781,POST,14,201
1619506112795,POST,22,201
1619506112795,POST,22,201
1619506112795,POST,23,201
1619506112795,POST,23,201
1619506112818,POST,17,201
1619506112818,POST,17,201
1619506112818,POST,19,201
1619506112817,POST,20,201
1619506112835,POST,20,201
1619506112837,POST,18,201
1619506112837,POST,18,201
1619506112835,POST,20,201
1619506112855,POST,15,201
1619506112855,POST,15,201
1619506112855,POST,15,201
1619506112855,POST,15,201
1619506112870,POST,18,201
1619506112870,POST,18,201
1619506112870,POST,18,201
1619506112870,POST,18,201
1619506112888,POST,16,201
1619506112888,POST,16,201
1619506112888,POST,16,201
1619506112888,POST,16,201
1619506112904,POST,19,201
1619506112904,POST,19,201
1619506112904,POST,19,201
1619506112904,POST,20,201
1619506112923,POST,20,201
1619506112923,POST,20,201
1619506112924,POST,19,201
1619506112924,POST,19,201
1619506112944,POST,18,201
1619506112943,POST,19,201
1619506112944,POST,18,201
1619506112943,POST,20,201
1619506112962,POST,17,201
1619506112963,POST,17,201
1619506112962,POST,18,201
1619506112963,POST,21,201
1619506112980,POST,20,201
1619506112980,POST,21,201
1619506112979,POST,22,201
1619506112984,POST,17,201
1619506113001,POST,16,201
1619506113001,POST,16,201
1619506113001,POST,16,201
1619506113001,POST,16,201
1619506113017,POST,15,201
1619506113017,POST,15,201
1619506113018,POST,14,201
1619506113018,POST,14,201
1619506113032,POST,19,201
1619506113032,POST,19,201
1619506113032,POST,19,201
1619506113033,POST,18,201
1619506113051,POST,14,201
1619506113051,POST,14,201
1619506113051,POST,14,201
1619506113051,POST,14,201
1619506113065,POST,15,201
1619506113065,POST,15,201
1619506113066,POST,14,201
1619506113065,POST,15,201
1619506113080,POST,13,201
1619506113080,POST,13,201
1619506113080,POST,13,201
1619506113080,POST,13,201
1619506113094,POST,12,201
1619506113094,POST,12,201
1619506113094,POST,12,201
1619506113094,POST,13,201
1619506113106,POST,16,201
1619506113107,POST,15,201
1619506113106,POST,16,201
1619506113106,POST,16,201
1619506113122,POST,12,201
1619506113122,POST,12,201
1619506113122,POST,12,201
1619506113122,POST,12,201
1619506113134,POST,16,201
1619506113134,POST,16,201
1619506113134,POST,16,201
1619506113134,POST,16,201
1619506113150,POST,18,201
1619506113150,POST,18,201
1619506113150,POST,18,201
1619506113150,POST,18,201
1619506113168,POST,16,201
1619506113168,POST,16,201
1619506113168,POST,16,201
1619506113168,POST,17,201
1619506113185,POST,17,201
1619506113184,POST,18,201
1619506113184,POST,18,201
1619506113184,POST,18,201
1619506113202,POST,17,201
1619506113202,POST,17,201
1619506113202,POST,17,201
1619506113202,POST,17,201
1619506113219,POST,13,201
1619506113219,POST,13,201
1619506113219,POST,13,201
1619506113219,POST,19,201
1619506113232,POST,14,201
1619506113232,POST,14,201
1619506113232,POST,14,201
1619506113238,POST,18,201
1619506113246,POST,14,201
1619506113246,POST,14,201
1619506113246,POST,14,201
1619506113256,POST,13,201
1619506113260,POST,18,201
1619506113260,POST,18,201
1619506113261,POST,17,201
1619506113269,POST,20,201
1619506113278,POST,20,201
1619506113278,POST,20,201
1619506113278,POST,20,201
1619506113298,POST,16,201
1619506113298,POST,16,201
1619506113298,POST,16,201
1619506113289,POST,25,201
1619506113314,POST,14,201
1619506113314,POST,14,201
1619506113314,POST,14,201
1619506113314,POST,15,201
1619506113328,POST,17,201
1619506113328,POST,17,201
1619506113328,POST,17,201
1619506113329,POST,18,201
1619506113347,POST,15,201
1619506113345,POST,17,201
1619506113345,POST,17,201
1619506113345,POST,17,201
1619506113362,POST,19,201
1619506113362,POST,19,201
1619506113362,POST,19,201
1619506113362,POST,19,201
1619506113381,POST,17,201
1619506113381,POST,17,201
1619506113381,POST,17,201
1619506113381,POST,17,201
1619506113398,POST,15,201
1619506113398,POST,15,201
1619506113398,POST,15,201
1619506113398,POST,15,201
1619506113413,POST,16,201
1619506113413,POST,16,201
1619506113413,POST,16,201
1619506113413,POST,16,201
1619506113429,POST,16,201
1619506113429,POST,16,201
1619506113429,POST,16,201
1619506113429,POST,17,201
1619506113445,POST,14,201
1619506113445,POST,18,201
1619506113445,POST,18,201
1619506113446,POST,17,201
1619506113459,POST,12,201
1619506113463,POST,13,201
1619506113463,POST,13,201
1619506113463,POST,13,201
1619506113471,POST,16,201
1619506113476,POST,18,201
1619506113476,POST,18,201
1619506113476,POST,18,201
1619506113487,POST,12,201
1619506113494,POST,21,201
1619506113494,POST,21,201
1619506113494,POST,21,201
1619506113500,POST,15,201
1619506113515,POST,15,201
1619506113516,POST,14,201
1619506113515,POST,15,201
1619506113516,POST,14,201
1619506113530,POST,19,201
1619506113530,POST,19,201
1619506113530,POST,19,201
1619506113530,POST,19,201
1619506113549,POST,20,201
1619506113549,POST,21,201
1619506113550,POST,20,201
1619506113549,POST,22,201
1619506113570,POST,20,201
1619506113571,POST,19,201
1619506113569,POST,21,201
1619506113570,POST,20,201
1619506113590,POST,16,201
1619506113590,POST,18,201
1619506113591,POST,17,201
1619506113591,POST,17,201
1619506113608,POST,14,201
1619506113608,POST,14,201
1619506113608,POST,14,201
1619506113606,POST,16,201
1619506113623,POST,14,201
1619506113623,POST,14,201
1619506113623,POST,14,201
1619506113623,POST,14,201
1619506113637,POST,40,201
1619506113637,POST,40,201
1619506113637,POST,40,201
1619506113637,POST,40,201
1619506113677,POST,16,201
1619506113677,POST,16,201
1619506113677,POST,16,201
1619506113677,POST,16,201
1619506113693,POST,14,201
1619506113693,POST,14,201
1619506113693,POST,14,201
1619506113693,POST,14,201
1619506113707,POST,14,201
1619506113707,POST,14,201
1619506113707,POST,14,201
1619506113707,POST,14,201
1619506113721,POST,16,201
1619506113722,POST,15,201
1619506113722,POST,15,201
1619506113722,POST,15,201
1619506113737,POST,16,201
1619506113737,POST,16,201
1619506113737,POST,17,201
1619506113737,POST,17,201
1619506113754,POST,17,201
1619506113754,POST,21,201
1619506113754,POST,21,201
1619506113753,POST,22,201
1619506113771,POST,19,201
1619506113775,POST,18,201
1619506113775,POST,18,201
1619506113775,POST,18,201
1619506113790,POST,18,201
1619506113793,POST,16,201
1619506113794,POST,15,201
1619506113794,POST,16,201
1619506113809,POST,13,201
1619506113809,POST,15,201
1619506113810,POST,14,201
1619506113810,POST,15,201
1619506113822,POST,15,201
1619506113824,POST,16,201
1619506113824,POST,16,201
1619506113825,POST,15,201
1619506113837,POST,14,201
1619506113840,POST,14,201
1619506113840,POST,15,201
1619506113840,POST,15,201
1619506113851,POST,12,201
1619506113855,POST,17,201
1619506113855,POST,17,201
1619506113854,POST,18,201
1619506113863,POST,14,201
1619506113873,POST,14,201
1619506113873,POST,14,201
1619506113872,POST,15,201
1619506113878,POST,16,201
1619506113887,POST,15,201
1619506113887,POST,15,201
1619506113887,POST,15,201
1619506113894,POST,13,201
1619506113902,POST,15,201
1619506113902,POST,15,201
1619506113902,POST,15,201
1619506113907,POST,13,201
1619506113917,POST,13,201
1619506113917,POST,13,201
1619506113917,POST,13,201
1619506113920,POST,14,201
1619506113930,POST,16,201
1619506113930,POST,16,201
1619506113930,POST,16,201
1619506113934,POST,13,201
1619506113946,POST,17,201
1619506113947,POST,16,201
1619506113946,POST,17,201
1619506113946,POST,17,201
1619506113963,POST,14,201
1619506113963,POST,14,201
1619506113963,POST,14,201
1619506113963,POST,14,201
1619506113977,POST,16,201
1619506113977,POST,16,201
1619506113977,POST,16,201
1619506113977,POST,16,201
1619506113993,POST,16,201
1619506113993,POST,16,201
1619506113993,POST,16,201
1619506113993,POST,16,201
1619506114009,POST,16,201
1619506114009,POST,16,201
1619506114009,POST,16,201
1619506114009,POST,16,201
1619506114025,POST,16,201
1619506114025,POST,16,201
1619506114025,POST,16,201
1619506114025,POST,16,201
1619506114041,POST,19,201
1619506114041,POST,19,201
1619506114041,POST,19,201
1619506114041,POST,19,201
1619506114060,POST,20,201
1619506114060,POST,20,201
1619506114060,POST,20,201
1619506114060,POST,20,201
1619506114080,POST,13,201
1619506114080,POST,14,201
1619506114080,POST,14,201
1619506114080,POST,14,201
1619506114094,POST,20,201
1619506114094,POST,20,201
1619506114094,POST,20,201
1619506114094,POST,20,201
1619506114114,POST,14,201
1619506114114,POST,14,201
1619506114114,POST,14,201
1619506114114,POST,14,201
1619506114128,POST,15,201
1619506114128,POST,15,201
1619506114128,POST,15,201
1619506114128,POST,15,201
1619506114143,POST,17,201
1619506114143,POST,17,201
1619506114143,POST,17,201
1619506114143,POST,17,201
1619506114160,POST,16,201
1619506114160,POST,16,201
1619506114160,POST,16,201
1619506114160,POST,16,201
1619506114176,POST,16,201
1619506114176,POST,16,201
1619506114176,POST,16,201
1619506114176,POST,16,201
1619506114192,POST,16,201
1619506114192,POST,16,201
1619506114192,POST,16,201
1619506114192,POST,16,201
1619506114208,POST,16,201
1619506114208,POST,16,201
1619506114208,POST,16,201
1619506114208,POST,16,201
1619506114224,POST,16,201
1619506114224,POST,16,201
1619506114224,POST,16,201
1619506114224,POST,16,201
1619506114240,POST,15,201
1619506114240,POST,15,201
1619506114240,POST,15,201
1619506114240,POST,15,201
1619506114255,POST,16,201
1619506114255,POST,16,201
1619506114255,POST,16,201
1619506114255,POST,16,201
1619506114271,POST,16,201
1619506114271,POST,16,201
1619506114271,POST,16,201
1619506114271,POST,16,201
1619506114287,POST,13,201
1619506114287,POST,13,201
1619506114287,POST,13,201
1619506114287,POST,13,201
1619506114300,POST,13,201
1619506114300,POST,13,201
1619506114300,POST,13,201
1619506114300,POST,15,201
1619506114313,POST,16,201
1619506114313,POST,16,201
1619506114313,POST,17,201
1619506114315,POST,25,201
1619506114330,POST,23,201
1619506114330,POST,23,201
1619506114340,POST,13,201
1619506114330,POST,23,201
1619506114353,POST,41,201
1619506114353,POST,41,201
1619506114353,POST,41,201
1619506114353,POST,41,201
1619506114394,POST,20,201
1619506114394,POST,20,201
1619506114394,POST,20,201
1619506114394,POST,20,201
1619506114414,POST,21,201
1619506114414,POST,21,201
1619506114414,POST,21,201
1619506114414,POST,21,201
1619506114435,POST,14,201
1619506114435,POST,14,201
1619506114435,POST,15,201
1619506114435,POST,15,201
1619506114449,POST,17,201
1619506114449,POST,17,201
1619506114450,POST,19,201
1619506114450,POST,19,201
1619506114466,POST,14,201
1619506114466,POST,14,201
1619506114469,POST,14,201
1619506114469,POST,14,201
1619506114480,POST,14,201
1619506114480,POST,14,201
1619506114483,POST,17,201
1619506114483,POST,17,201
1619506114494,POST,15,201
1619506114494,POST,15,201
1619506114500,POST,19,201
1619506114500,POST,19,201
1619506114509,POST,14,201
1619506114509,POST,14,201
1619506114519,POST,16,201
1619506114519,POST,17,201
1619506114523,POST,16,201
1619506114523,POST,17,201
1619506114535,POST,17,201
1619506114536,POST,16,201
1619506114540,POST,15,201
1619506114539,POST,16,201
1619506114553,POST,17,201
1619506114555,POST,15,201
1619506114555,POST,15,201
1619506114552,POST,18,201
1619506114570,POST,16,201
1619506114570,POST,16,201
1619506114570,POST,16,201
1619506114570,POST,16,201
1619506114586,POST,17,201
1619506114587,POST,16,201
1619506114586,POST,17,201
1619506114587,POST,17,201
1619506114604,POST,15,201
1619506114604,POST,16,201
1619506114604,POST,16,201
1619506114604,POST,15,201
1619506114620,POST,14,201
1619506114620,POST,14,201
1619506114620,POST,14,201
1619506114620,POST,14,201
1619506114634,POST,15,201
1619506114634,POST,15,201
1619506114634,POST,15,201
1619506114634,POST,15,201
1619506114650,POST,13,201
1619506114649,POST,14,201
1619506114650,POST,13,201
1619506114649,POST,17,201
1619506114663,POST,17,201
1619506114666,POST,14,201
1619506114663,POST,17,201
1619506114663,POST,17,201
1619506114680,POST,14,201
1619506114680,POST,14,201
1619506114680,POST,14,201
1619506114680,POST,14,201
1619506114694,POST,13,201
1619506114694,POST,13,201
1619506114694,POST,13,201
1619506114694,POST,13,201
1619506114707,POST,16,201
1619506114707,POST,16,201
1619506114707,POST,17,201
1619506114707,POST,17,201
1619506114724,POST,15,201
1619506114724,POST,15,201
1619506114724,POST,15,201
1619506114724,POST,15,201
1619506114739,POST,24,201
1619506114739,POST,24,201
1619506114739,POST,24,201
1619506114739,POST,24,201
1619506114763,POST,16,201
1619506114763,POST,18,201
1619506114763,POST,18,201
1619506114763,POST,18,201
1619506114779,POST,14,201
1619506114781,POST,14,201
1619506114781,POST,14,201
1619506114781,POST,14,201
1619506114793,POST,14,201
1619506114795,POST,15,201
1619506114795,POST,15,201
1619506114795,POST,15,201
1619506114807,POST,19,201
1619506114810,POST,16,201
1619506114810,POST,16,201
1619506114810,POST,16,201
1619506114826,POST,13,201
1619506114826,POST,18,201
1619506114826,POST,18,201
1619506114826,POST,18,201
1619506114839,POST,14,201
1619506114844,POST,14,201
1619506114844,POST,14,201
1619506114844,POST,14,201
1619506114853,POST,14,201
1619506114858,POST,14,201
1619506114858,POST,14,201
1619506114858,POST,14,201
1619506114867,POST,14,201
1619506114872,POST,12,201
1619506114872,POST,12,201
1619506114872,POST,13,201
1619506114884,POST,14,201
1619506114881,POST,17,201
1619506114884,POST,14,201
1619506114885,POST,15,201
1619506114898,POST,13,201
1619506114898,POST,13,201
1619506114898,POST,13,201
1619506114900,POST,13,201
1619506114913,POST,13,201
1619506114911,POST,15,201
1619506114911,POST,15,201
1619506114911,POST,15,201
1619506114926,POST,15,201
1619506114926,POST,15,201
1619506114926,POST,15,201
1619506114926,POST,15,201
1619506114941,POST,16,201
1619506114941,POST,16,201
1619506114941,POST,16,201
1619506114941,POST,16,201
1619506114957,POST,15,201
1619506114957,POST,15,201
1619506114957,POST,15,201
1619506114957,POST,15,201
1619506114973,POST,13,201
1619506114973,POST,13,201
1619506114973,POST,13,201
1619506114973,POST,14,201
1619506114986,POST,13,201
1619506114986,POST,13,201
1619506114986,POST,13,201
1619506114987,POST,12,201
1619506115000,POST,13,201
1619506115000,POST,13,201
1619506115000,POST,13,201
1619506115000,POST,15,201
1619506115015,POST,14,201
1619506115013,POST,16,201
1619506115013,POST,16,201
1619506115013,POST,16,201
1619506115029,POST,22,201
1619506115029,POST,22,201
1619506115029,POST,22,201
1619506115029,POST,22,201
1619506115051,POST,20,201
1619506115051,POST,20,201
1619506115051,POST,20,201
1619506115051,POST,20,201
1619506115071,POST,18,201
1619506115071,POST,18,201
1619506115071,POST,18,201
1619506115071,POST,18,201
1619506115089,POST,16,201
1619506115089,POST,16,201
1619506115089,POST,17,201
1619506115089,POST,17,201
1619506115106,POST,30,201
1619506115106,POST,30,201
1619506115106,POST,30,201
1619506115105,POST,31,201
1619506115136,POST,15,201
1619506115136,POST,15,201
1619506115136,POST,15,201
1619506115136,POST,15,201
1619506115151,POST,18,201
1619506115151,POST,18,201
1619506115151,POST,18,201
1619506115151,POST,18,201
1619506115169,POST,14,201
1619506115169,POST,14,201
1619506115169,POST,14,201
1619506115169,POST,14,201
1619506115183,POST,16,201
1619506115183,POST,16,201
1619506115183,POST,16,201
1619506115183,POST,16,201
1619506115200,POST,13,201
1619506115199,POST,14,201
1619506115199,POST,14,201
1619506115200,POST,13,201
1619506115213,POST,15,201
1619506115213,POST,15,201
1619506115213,POST,15,201
1619506115213,POST,15,201
1619506115228,POST,14,201
1619506115228,POST,14,201
1619506115228,POST,14,201
1619506115228,POST,14,201
1619506115242,POST,15,201
1619506115242,POST,15,201
1619506115242,POST,15,201
1619506115242,POST,15,201
1619506115257,POST,17,201
1619506115257,POST,17,201
1619506115257,POST,17,201
1619506115257,POST,17,201
1619506115275,POST,11,201
1619506115275,POST,14,201
1619506115275,POST,14,201
1619506115275,POST,14,201
1619506115289,POST,17,201
1619506115286,POST,20,201
1619506115289,POST,17,201
1619506115289,POST,17,201
1619506115306,POST,18,201
1619506115306,POST,18,201
1619506115306,POST,18,201
1619506115306,POST,19,201
1619506115325,POST,16,201
1619506115324,POST,17,201
1619506115325,POST,16,201
1619506115324,POST,17,201
1619506115341,POST,18,201
1619506115341,POST,18,201
1619506115341,POST,18,201
1619506115341,POST,18,201
1619506115359,POST,17,201
1619506115359,POST,17,201
1619506115359,POST,17,201
1619506115359,POST,17,201
1619506115376,POST,15,201
1619506115377,POST,14,201
1619506115376,POST,15,201
1619506115376,POST,15,201
1619506115392,POST,18,201
1619506115392,POST,18,201
1619506115392,POST,18,201
1619506115392,POST,18,201
1619506115410,POST,19,201
1619506115410,POST,19,201
1619506115410,POST,19,201
1619506115410,POST,19,201
1619506115429,POST,14,201
1619506115429,POST,14,201
1619506115429,POST,14,201
1619506115429,POST,14,201
1619506115443,POST,16,201
1619506115443,POST,16,201
1619506115443,POST,16,201
1619506115443,POST,16,201
1619506115459,POST,25,201
1619506115459,POST,25,201
1619506115459,POST,25,201
1619506115459,POST,25,201
1619506115484,POST,14,201
1619506115484,POST,14,201
1619506115484,POST,14,201
1619506115484,POST,14,201
1619506115498,POST,13,201
1619506115498,POST,13,201
1619506115498,POST,13,201
1619506115498,POST,13,201
1619506115511,POST,14,201
1619506115511,POST,14,201
1619506115511,POST,14,201
1619506115512,POST,13,201
1619506115525,POST,16,201
1619506115525,POST,16,201
1619506115525,POST,16,201
1619506115525,POST,16,201
1619506115541,POST,18,201
1619506115541,POST,18,201
1619506115541,POST,18,201
1619506115541,POST,18,201
1619506115559,POST,22,201
1619506115559,POST,22,201
1619506115559,POST,22,201
1619506115559,POST,22,201
1619506115581,POST,15,201
1619506115581,POST,15,201
1619506115581,POST,15,201
1619506115581,POST,15,201
1619506115596,POST,18,201
1619506115596,POST,18,201
1619506115596,POST,18,201
1619506115596,POST,18,201
1619506115614,POST,14,201
1619506115614,POST,14,201
1619506115614,POST,15,201
1619506115614,POST,15,201
1619506115628,POST,13,201
1619506115628,POST,13,201
1619506115629,POST,23,201
1619506115629,POST,23,201
1619506115641,POST,20,201
1619506115641,POST,20,201
1619506115652,POST,20,201
1619506115652,POST,20,201
1619506115661,POST,20,201
1619506115661,POST,20,201
1619506115672,POST,13,201
1619506115672,POST,13,201
1619506115681,POST,14,201
1619506115681,POST,14,201
1619506115685,POST,16,201
1619506115685,POST,16,201
1619506115695,POST,17,201
1619506115695,POST,17,201
1619506115701,POST,15,201
1619506115701,POST,15,201
1619506115712,POST,14,201
1619506115712,POST,14,201
1619506115716,POST,13,201
1619506115716,POST,13,201
1619506115726,POST,14,201
1619506115726,POST,14,201
1619506115729,POST,22,201
1619506115729,POST,22,201
1619506115740,POST,21,201
1619506115740,POST,21,201
1619506115751,POST,15,201
1619506115751,POST,15,201
1619506115761,POST,15,201
1619506115761,POST,15,201
1619506115766,POST,14,201
1619506115766,POST,14,201
1619506115776,POST,16,201
1619506115777,POST,15,201
1619506115780,POST,16,201
1619506115780,POST,16,201
1619506115792,POST,16,201
1619506115792,POST,16,201
1619506115796,POST,13,201
1619506115796,POST,13,201
1619506115809,POST,23,201
1619506115808,POST,24,201
1619506115809,POST,23,201
1619506115808,POST,24,201
1619506115832,POST,18,201
1619506115832,POST,18,201
1619506115832,POST,18,201
1619506115832,POST,18,201
1619506115850,POST,14,201
1619506115850,POST,14,201
1619506115850,POST,14,201
1619506115850,POST,14,201
1619506115865,POST,15,201
1619506115865,POST,15,201
1619506115864,POST,16,201
1619506115864,POST,16,201
1619506115880,POST,15,201
1619506115880,POST,15,201
1619506115880,POST,15,201
1619506115880,POST,15,201
1619506115895,POST,13,201
1619506115895,POST,13,201
1619506115895,POST,13,201
1619506115895,POST,13,201
1619506115908,POST,18,201
1619506115908,POST,18,201
1619506115908,POST,18,201
1619506115908,POST,18,201
1619506115926,POST,15,201
1619506115926,POST,15,201
1619506115926,POST,15,201
1619506115941,POST,12,201
1619506115941,POST,12,201
1619506115941,POST,12,201
1619506115953,POST,13,201
1619506115953,POST,13,201
1619506115953,POST,13,201
1619506115966,POST,11,201
1619506115966,POST,15,201
1619506115966,POST,15,201
1619506115977,POST,13,201
1619506115981,POST,16,201
1619506115981,POST,16,201
1619506115990,POST,15,201
1619506115997,POST,12,201
1619506115997,POST,12,201
1619506116005,POST,15,201
1619506116009,POST,15,201
1619506116009,POST,15,201
1619506116020,POST,13,201
1619506116024,POST,15,201
1619506116024,POST,15,201
1619506116033,POST,14,201
1619506116039,POST,13,201
1619506116039,POST,13,201
1619506116052,POST,13,201
1619506116047,POST,18,201
1619506116052,POST,13,201
1619506116065,POST,13,201
1619506116065,POST,13,201
1619506116065,POST,13,201
1619506116078,POST,14,201
1619506116078,POST,14,201
1619506116078,POST,14,201
1619506116092,POST,21,201
1619506116092,POST,21,201
1619506116092,POST,21,201
1619506116113,POST,14,201
1619506116113,POST,15,201
1619506116113,POST,15,201
1619506116128,POST,21,201
1619506116128,POST,21,201
1619506116128,POST,21,201
1619506116149,POST,14,201
1619506116149,POST,14,201
1619506116149,POST,14,201
1619506116163,POST,13,201
1619506116163,POST,13,201
1619506116163,POST,13,201
1619506116176,POST,16,201
1619506116176,POST,16,201
1619506116176,POST,16,201
1619506116192,POST,14,201
1619506116192,POST,14,201
1619506116192,POST,14,201
1619506116206,POST,15,201
1619506116206,POST,15,201
1619506116206,POST,15,201
1619506116222,POST,14,201
1619506116222,POST,14,201
1619506116222,POST,14,201
1619506116236,POST,15,201
1619506116236,POST,15,201
1619506116236,POST,15,201
1619506116251,POST,17,201
1619506116251,POST,17,201
1619506116251,POST,17,201
1619506116268,POST,24,201
1619506116268,POST,24,201
1619506116268,POST,24,201
1619506116292,POST,18,201
1619506116292,POST,18,201
1619506116292,POST,18,201
1619506116310,POST,16,201
1619506116310,POST,16,201
1619506116310,POST,16,201
1619506116326,POST,13,201
1619506116326,POST,13,201
1619506116326,POST,13,201
1619506116340,POST,14,201
1619506116340,POST,14,201
1619506116339,POST,15,201
1619506116354,POST,18,201
1619506116354,POST,18,201
1619506116354,POST,18,201
1619506116372,POST,19,201
1619506116372,POST,19,201
1619506116372,POST,19,201
1619506116391,POST,15,201
1619506116391,POST,15,201
1619506116391,POST,15,201
1619506116407,POST,14,201
1619506116407,POST,14,201
1619506116407,POST,14,201
1619506116421,POST,14,201
1619506116421,POST,14,201
1619506116421,POST,14,201
1619506116435,POST,17,201
1619506116435,POST,17,201
1619506116435,POST,17,201
1619506116452,POST,16,201
1619506116452,POST,16,201
1619506116452,POST,16,201
1619506116468,POST,13,201
1619506116468,POST,13,201
1619506116468,POST,13,201
1619506116481,POST,15,201
1619506116481,POST,15,201
1619506116481,POST,15,201
1619506116496,POST,14,201
1619506116496,POST,14,201
1619506116496,POST,14,201
1619506116510,POST,18,201
1619506116510,POST,18,201
1619506116510,POST,18,201
1619506116529,POST,16,201
1619506116528,POST,17,201
1619506116529,POST,16,201
1619506116545,POST,16,201
1619506116545,POST,16,201
1619506116545,POST,16,201
1619506116561,POST,13,201
1619506116561,POST,13,201
1619506116561,POST,13,201
1619506116574,POST,14,201
1619506116574,POST,14,201
1619506116574,POST,14,201
1619506116588,POST,16,201
1619506116588,POST,16,201
1619506116588,POST,16,201
1619506116604,POST,18,201
1619506116604,POST,18,201
1619506116604,POST,18,201
1619506116622,POST,16,201
1619506116622,POST,16,201
1619506116622,POST,16,201
1619506116638,POST,15,201
1619506116638,POST,15,201
1619506116638,POST,15,201
1619506116653,POST,18,201
1619506116653,POST,18,201
1619506116653,POST,18,201
1619506116671,POST,17,201
1619506116671,POST,17,201
1619506116671,POST,17,201
1619506116688,POST,14,201
1619506116688,POST,14,201
1619506116688,POST,14,201
1619506116702,POST,15,201
1619506116702,POST,15,201
1619506116702,POST,15,201
1619506116717,POST,14,201
1619506116717,POST,14,201
1619506116717,POST,14,201
1619506116731,POST,14,201
1619506116731,POST,14,201
1619506116731,POST,14,201
1619506116745,POST,16,201
1619506116745,POST,16,201
1619506116745,POST,17,201
1619506116762,POST,16,201
1619506116762,POST,16,201
1619506116762,POST,17,201
1619506116779,POST,16,201
1619506116779,POST,16,201
1619506116779,POST,16,201
1619506116795,POST,13,201
1619506116795,POST,13,201
1619506116795,POST,13,201
1619506116808,POST,14,201
1619506116808,POST,14,201
1619506116808,POST,14,201
1619506116822,POST,15,201
1619506116822,POST,15,201
1619506116822,POST,15,201
1619506116837,POST,17,201
1619506116837,POST,17,201
1619506116837,POST,17,201
1619506116854,POST,15,201
1619506116854,POST,15,201
1619506116854,POST,15,201
1619506116869,POST,15,201
1619506116870,POST,14,201
1619506116869,POST,15,201
1619506116884,POST,13,201
1619506116884,POST,13,201
1619506116884,POST,13,201
1619506116897,POST,15,201
1619506116897,POST,15,201
1619506116897,POST,15,201
1619506116912,POST,16,201
1619506116912,POST,16,201
1619506116912,POST,16,201
1619506116928,POST,18,201
1619506116928,POST,18,201
1619506116928,POST,18,201
1619506116946,POST,15,201
1619506116946,POST,15,201
1619506116946,POST,17,201
1619506116961,POST,13,201
1619506116961,POST,13,201
1619506116963,POST,15,201
1619506116974,POST,14,201
1619506116974,POST,14,201
1619506116978,POST,14,201
1619506116988,POST,13,201
1619506116988,POST,13,201
1619506116992,POST,13,201
1619506117001,POST,11,201
1619506117001,POST,17,201
1619506117005,POST,16,201
1619506117013,POST,19,201
1619506117018,POST,16,201
1619506117021,POST,13,201
1619506117035,POST,14,201
1619506117032,POST,17,201
1619506117035,POST,16,201
1619506117049,POST,15,201
1619506117049,POST,15,201
1619506117051,POST,16,201
1619506117064,POST,13,201
1619506117064,POST,13,201
1619506117067,POST,15,201
1619506117078,POST,21,201
1619506117078,POST,21,201
1619506117083,POST,16,201
1619506117100,POST,14,201
1619506117099,POST,15,201
1619506117100,POST,14,201
1619506117114,POST,15,201
1619506117114,POST,15,201
1619506117114,POST,15,201
1619506117129,POST,15,201
1619506117129,POST,15,201
1619506117129,POST,15,201
1619506117144,POST,13,201
1619506117144,POST,13,201
1619506117144,POST,14,201
1619506117158,POST,12,201
1619506117158,POST,12,201
1619506117158,POST,12,201
1619506117170,POST,16,201
1619506117170,POST,16,201
1619506117170,POST,17,201
1619506117187,POST,15,201
1619506117187,POST,15,201
1619506117187,POST,15,201
1619506117202,POST,15,201
1619506117202,POST,15,201
1619506117202,POST,15,201
1619506117217,POST,15,201
1619506117217,POST,15,201
1619506117217,POST,15,201
1619506117232,POST,16,201
1619506117232,POST,16,201
1619506117232,POST,16,201
1619506117248,POST,14,201
1619506117249,POST,13,201
1619506117248,POST,14,201
1619506117262,POST,13,201
1619506117262,POST,13,201
1619506117262,POST,14,201
1619506117276,POST,13,201
1619506117276,POST,13,201
1619506117276,POST,13,201
1619506117289,POST,13,201
1619506117289,POST,13,201
1619506117289,POST,13,201
1619506117303,POST,16,201
1619506117303,POST,16,201
1619506117303,POST,16,201
1619506117319,POST,17,201
1619506117319,POST,18,201
1619506117319,POST,18,201
1619506117337,POST,14,201
1619506117337,POST,14,201
1619506117337,POST,14,201
1619506117351,POST,13,201
1619506117351,POST,13,201
1619506117351,POST,13,201
1619506117364,POST,17,201
1619506117364,POST,17,201
1619506117364,POST,17,201
1619506117381,POST,16,201
1619506117381,POST,16,201
1619506117381,POST,16,201
1619506117397,POST,14,201
1619506117397,POST,14,201
1619506117397,POST,14,201
1619506117412,POST,15,201
1619506117411,POST,16,201
1619506117412,POST,15,201
1619506117427,POST,17,201
1619506117427,POST,17,201
1619506117427,POST,17,201
1619506117444,POST,16,201
1619506117444,POST,16,201
1619506117444,POST,16,201
1619506117460,POST,15,201
1619506117460,POST,15,201
1619506117460,POST,15,201
1619506117475,POST,13,201
1619506117475,POST,13,201
1619506117475,POST,14,201
1619506117489,POST,13,201
1619506117489,POST,13,201
1619506117489,POST,13,201
1619506117502,POST,11,201
1619506117502,POST,13,201
1619506117502,POST,13,201
1619506117513,POST,13,201
1619506117515,POST,14,201
1619506117515,POST,14,201
1619506117526,POST,13,201
1619506117529,POST,15,201
1619506117529,POST,15,201
1619506117539,POST,13,201
1619506117544,POST,17,201
1619506117544,POST,17,201
1619506117552,POST,14,201
1619506117561,POST,15,201
1619506117561,POST,15,201
1619506117566,POST,14,201
1619506117576,POST,16,201
1619506117576,POST,16,201
1619506117580,POST,14,201
1619506117592,POST,15,201
1619506117592,POST,15,201
1619506117595,POST,14,201
1619506117609,POST,12,201
1619506117607,POST,14,201
1619506117607,POST,14,201
1619506117621,POST,14,201
1619506117621,POST,14,201
1619506117621,POST,14,201
1619506117635,POST,16,201
1619506117635,POST,16,201
1619506117635,POST,16,201
1619506117651,POST,17,201
1619506117651,POST,17,201
1619506117651,POST,17,201
1619506117668,POST,14,201
1619506117668,POST,14,201
1619506117668,POST,14,201
1619506117682,POST,14,201
1619506117682,POST,14,201
1619506117682,POST,14,201
1619506117697,POST,14,201
1619506117697,POST,14,201
1619506117697,POST,14,201
1619506117711,POST,31,201
1619506117711,POST,31,201
1619506117711,POST,31,201
1619506117742,POST,16,201
1619506117742,POST,16,201
1619506117742,POST,16,201
1619506117758,POST,16,201
1619506117758,POST,16,201
1619506117758,POST,16,201
1619506117774,POST,16,201
1619506117774,POST,16,201
1619506117774,POST,16,201
1619506117790,POST,25,201
1619506117790,POST,25,201
1619506117790,POST,25,201
1619506117815,POST,16,201
1619506117815,POST,16,201
1619506117815,POST,16,201
1619506117831,POST,14,201
1619506117831,POST,14,201
1619506117831,POST,14,201
1619506117845,POST,15,201
1619506117845,POST,15,201
1619506117845,POST,15,201
1619506117860,POST,17,201
1619506117860,POST,17,201
1619506117860,POST,17,201
1619506117877,POST,15,201
1619506117877,POST,15,201
1619506117877,POST,15,201
1619506117892,POST,24,201
1619506117892,POST,24,201
1619506117892,POST,24,201
1619506117916,POST,17,201
1619506117916,POST,17,201
1619506117916,POST,17,201
1619506117933,POST,15,201
1619506117933,POST,15,201
1619506117933,POST,15,201
1619506117949,POST,18,201
1619506117949,POST,18,201
1619506117948,POST,19,201
1619506117967,POST,14,201
1619506117967,POST,15,201
1619506117967,POST,15,201
1619506117981,POST,17,201
1619506117982,POST,16,201
1619506117982,POST,16,201
1619506117998,POST,16,201
1619506117998,POST,16,201
1619506117998,POST,16,201
1619506118014,POST,12,201
1619506118014,POST,12,201
1619506118014,POST,12,201
1619506118027,POST,14,201
1619506118027,POST,14,201
1619506118027,POST,14,201
1619506118041,POST,17,201
1619506118041,POST,17,201
1619506118042,POST,16,201
1619506118058,POST,19,201
1619506118058,POST,19,201
1619506118058,POST,19,201
1619506118077,POST,16,201
1619506118077,POST,16,201
1619506118077,POST,16,201
1619506118093,POST,14,201
1619506118093,POST,14,201
1619506118093,POST,14,201
1619506118107,POST,15,201
1619506118107,POST,15,201
1619506118107,POST,15,201
1619506118122,POST,14,201
1619506118122,POST,14,201
1619506118122,POST,14,201
1619506118136,POST,18,201
1619506118136,POST,18,201
1619506118136,POST,18,201
1619506118154,POST,17,201
1619506118154,POST,17,201
1619506118154,POST,17,201
1619506118171,POST,14,201
1619506118171,POST,14,201
1619506118171,POST,15,201
1619506118185,POST,17,201
1619506118186,POST,16,201
1619506118186,POST,16,201
1619506118203,POST,17,201
1619506118202,POST,18,201
1619506118202,POST,18,201
1619506118220,POST,15,201
1619506118220,POST,15,201
1619506118220,POST,15,201
1619506118235,POST,18,201
1619506118235,POST,18,201
1619506118235,POST,18,201
1619506118253,POST,15,201
1619506118253,POST,15,201
1619506118253,POST,15,201
1619506118268,POST,14,201
1619506118268,POST,14,201
1619506118268,POST,14,201
1619506118282,POST,14,201
1619506118282,POST,14,201
1619506118296,POST,13,201
1619506118296,POST,13,201
1619506118309,POST,14,201
1619506118309,POST,14,201
1619506118324,POST,13,201
1619506118324,POST,13,201
1619506118337,POST,15,201
1619506118337,POST,15,201
1619506118352,POST,15,201
1619506118352,POST,15,201
1619506118367,POST,15,201
1619506118367,POST,16,201
1619506118383,POST,15,201
1619506118383,POST,15,201
1619506118398,POST,15,201
1619506118398,POST,15,201
1619506118413,POST,14,201
1619506118413,POST,14,201
1619506118427,POST,14,201
1619506118427,POST,14,201
1619506118441,POST,16,201
1619506118441,POST,16,201
1619506118458,POST,14,201
1619506118457,POST,15,201
1619506118472,POST,14,201
1619506118472,POST,14,201
1619506118486,POST,13,201
1619506118486,POST,13,201
1619506118499,POST,18,201
1619506118499,POST,18,201
1619506118517,POST,13,201
1619506118517,POST,13,201
1619506118530,POST,13,201
1619506118530,POST,13,201
1619506118543,POST,23,201
1619506118543,POST,23,201
1619506118566,POST,14,201
1619506118566,POST,14,201
1619506118580,POST,13,201
1619506118580,POST,13,201
1619506118593,POST,15,201
1619506118593,POST,15,201
1619506118608,POST,16,201
1619506118608,POST,16,201
1619506118624,POST,16,201
1619506118624,POST,16,201
1619506118640,POST,14,201
1619506118640,POST,15,201
1619506118655,POST,16,201
1619506118655,POST,17,201
1619506118672,POST,15,201
1619506118672,POST,15,201
1619506118687,POST,13,201
1619506118687,POST,13,201
1619506118701,POST,16,201
1619506118701,POST,16,201
1619506118717,POST,14,201
1619506118717,POST,14,201
1619506118731,POST,14,201
1619506118731,POST,14,201
1619506118745,POST,14,201
1619506118745,POST,14,201
1619506118759,POST,13,201
1619506118759,POST,13,201
1619506118773,POST,13,201
1619506118773,POST,13,201
1619506118786,POST,13,201
1619506118786,POST,13,201
1619506118799,POST,13,201
1619506118799,POST,13,201
1619506118812,POST,26,201
1619506118812,POST,26,201
1619506118838,POST,14,201
1619506118838,POST,14,201
1619506118853,POST,14,201
1619506118852,POST,15,201
1619506118867,POST,16,201
1619506118867,POST,16,201
1619506118883,POST,13,201
1619506118884,POST,12,201
1619506118897,POST,13,201
1619506118897,POST,13,201
1619506118910,POST,15,201
1619506118910,POST,15,201
1619506118925,POST,14,201
1619506118925,POST,14,201
1619506118939,POST,14,201
1619506118939,POST,14,201
1619506118953,POST,17,201
1619506118953,POST,17,201
1619506118970,POST,18,201
1619506118970,POST,18,201
1619506118988,POST,16,201
1619506118988,POST,16,201
1619506119004,POST,20,201
1619506119004,POST,20,201
1619506119024,POST,19,201
1619506119024,POST,20,201
1619506119044,POST,16,201
1619506119044,POST,16,201
1619506119060,POST,19,201
1619506119060,POST,19,201
1619506119079,POST,17,201
1619506119079,POST,17,201
1619506119096,POST,15,201
1619506119096,POST,15,201
1619506119111,POST,15,201
1619506119111,POST,15,201
1619506119126,POST,14,201
1619506119126,POST,14,201
1619506119140,POST,15,201
1619506119140,POST,15,201
1619506119155,POST,17,201
1619506119155,POST,17,201
1619506119172,POST,16,201
1619506119172,POST,16,201
1619506119188,POST,15,201
1619506119188,POST,15,201
1619506119203,POST,17,201
1619506119203,POST,17,201
1619506119220,POST,14,201
1619506119220,POST,14,201
1619506119234,POST,14,201
1619506119234,POST,14,201
1619506119248,POST,14,201
1619506119248,POST,14,201
1619506119262,POST,19,201
1619506119262,POST,20,201
1619506119281,POST,15,201
1619506119282,POST,15,201
1619506119296,POST,15,201
1619506119297,POST,14,201
1619506119311,POST,13,201
1619506119311,POST,13,201
1619506119324,POST,16,201
1619506119325,POST,15,201
1619506119340,POST,15,201
1619506119340,POST,15,201
1619506119355,POST,13,201
1619506119355,POST,14,201
1619506119368,POST,12,201
1619506119369,POST,15,201
1619506119380,POST,15,201
1619506119384,POST,13,201
1619506119395,POST,13,201
1619506119397,POST,14,201
1619506119408,POST,14,201
1619506119411,POST,14,201
1619506119422,POST,15,201
1619506119425,POST,14,201
1619506119437,POST,13,201
1619506119439,POST,14,201
1619506119450,POST,14,201
1619506119453,POST,17,201
1619506119464,POST,15,201
1619506119470,POST,13,201
1619506119479,POST,14,201
1619506119483,POST,14,201
1619506119493,POST,15,201
1619506119498,POST,14,201
1619506119508,POST,15,201
1619506119513,POST,22,201
1619506119523,POST,21,201
1619506119535,POST,13,201
1619506119545,POST,16,201
1619506119548,POST,16,201
1619506119561,POST,14,201
1619506119564,POST,13,201
1619506119575,POST,16,201
1619506119577,POST,14,201
1619506119591,POST,21,201
1619506119591,POST,21,201
1619506119613,POST,14,201
1619506119613,POST,14,201
1619506119628,POST,14,201
1619506119628,POST,14,201
1619506119642,POST,15,201
1619506119642,POST,15,201
1619506119657,POST,15,201
1619506119657,POST,15,201
1619506119672,POST,15,201
1619506119672,POST,15,201
1619506119687,POST,25,201
1619506119687,POST,25,201
1619506119713,POST,14,201
1619506119713,POST,14,201
1619506119727,POST,15,201
1619506119727,POST,15,201
1619506119742,POST,18,201
1619506119742,POST,18,201
1619506119760,POST,13,201
1619506119760,POST,13,201
1619506119773,POST,17,201
1619506119773,POST,17,201
1619506119790,POST,16,201
1619506119790,POST,16,201
1619506119806,POST,17,201
1619506119806,POST,17,201
1619506119823,POST,15,201
1619506119823,POST,15,201
1619506119838,POST,16,201
